{"cameraMode":{"drawMode":0,"name":"Shaded","section":"Shading Mode"},"sceneLighting":true,"audioPlay":false,"sceneViewState":{"m_AlwaysRefresh":false,"showFog":true,"showSkybox":true,"showFlares":true,"showImageEffects":true,"showParticleSystems":true,"showVisualEffectGraphs":true,"m_FxEnabled":true},"in2DMode":false,"pivot":{"x":9.125856399536133,"y":1.6559803485870362,"z":-4.848211288452148},"rotation":{"x":-0.006449529901146889,"y":0.9923692345619202,"z":-0.10790541023015976,"w":-0.059314075857400897},"size":5.107395172119141,"orthographic":false}